{"cameraMode":{"drawMode":0,"name":"Shaded","section":"Shading Mode"},"sceneLighting":false,"audioPlay":false,"sceneViewState":{"m_AlwaysRefresh":false,"showFog":true,"showSkybox":false,"showFlares":true,"showImageEffects":true,"showParticleSystems":true,"showVisualEffectGraphs":true,"m_FxEnabled":true},"in2DMode":false,"pivot":{"x":0.0009905099868774415,"y":0.8423871994018555,"z":0.0035606026649475099},"rotation":{"x":-0.012093791738152504,"y":-0.9579663872718811,"z":0.28378742933273318,"w":-0.04083974286913872},"size":1.1314905881881714,"orthographic":false}