{"cameraMode":{"drawMode":0,"name":"Shaded","section":"Shading Mode"},"sceneLighting":true,"audioPlay":false,"sceneViewState":{"m_AlwaysRefresh":false,"showFog":true,"showSkybox":true,"showFlares":true,"showImageEffects":true,"showParticleSystems":true,"showVisualEffectGraphs":true,"m_FxEnabled":true},"in2DMode":false,"pivot":{"x":0.9551591873168945,"y":-15.326366424560547,"z":-39.074806213378909},"rotation":{"x":-0.00993188377469778,"y":-0.9726614356040955,"z":0.22815483808517457,"w":-0.04234175756573677},"size":29.07215118408203,"orthographic":false}